date,distance_m,actual_sec,actual_sec_original,surface,predicted_sec,pct_resid,cs_pace_med_at_race,dp_med_at_race,event
2008-04-26,5000.0,1729.0,1729.0,Road,1724.0569216396727,0.28671201619179243,9.570365368957464,168.06907654922506,Hawk Walk and Run
2008-05-10,5000.0,1844.0,1844.0,Road,1720.0428391062233,7.206632188195261,9.54824265923759,168.14992096916274,Nike 5K For Kids
2008-07-04,5000.0,1600.3,1600.3,Road,1699.2019814895802,-5.820495889657529,9.433216613174533,168.49054810707543,Run for the Pies
2009-04-25,5000.0,1570.0,1570.0,Road,1580.7350429733515,-0.6791171626814196,8.777326905899837,169.47379638451153,Hawk Walk and Run
2009-07-04,5000.0,1524.2,1524.2,Road,1588.6585308206782,-4.057418858121753,8.820887352340065,169.2349221781809,Run for the Pies
2010-01-01,5000.0,1736.0,1736.0,Road,1662.1769012717032,4.441350296217927,9.227094895567053,168.1895308035364,Club Northwest Resolution Run
2013-07-04,5000.0,1420.2,1420.2,Road,1298.322175473266,9.387332884636823,7.200465032345005,163.62949295889888,Run for the Pies
2013-07-13,5000.0,1404.0,1404.0,Road,1290.8861728670768,8.762494285742939,7.159181406355038,163.5999539871457,Redmond Derby Days Dash
2013-08-31,5000.0,1220.7547169811319,1294.0,XC,1232.9613156177925,-0.9900228402984657,6.837952833239618,163.61367231621756,Redmond time trial
2013-09-07,3000.0,856.6037735849055,908.0,XC,717.976819955648,19.307998500260904,6.789604867093067,163.62559640035101,Tahoma Coed Relays
2013-09-12,5000.0,1141.509433962264,1210.0,XC,1215.5709279330379,-6.092733239080372,6.741558728885301,163.65117199206188,KingCo 4A Preview
2013-09-18,4828.0,1096.2264150943395,1162.0,XC,1164.1836243392231,-5.837327361777255,6.694942340190823,163.85246014436132,Ballard & Redmond @ Issaquah
2013-09-21,5000.0,1164.5283018867924,1234.4,XC,1207.115281555312,-3.527996067918915,6.694942340190823,163.85246014436132,Fort Steilacoom Invitational
2013-09-25,5000.0,1148.1132075471696,1217.0,XC,1198.726268636856,-4.22223675362029,6.648497682242964,163.91266048572402,Bothell @ Redmond
2013-10-05,5000.0,1117.9245283018868,1185.0,XC,1190.322212819636,-6.082192177717449,6.602075534518477,164.051311711927,Twilight XC Invitational
2013-10-09,5000.0,1125.4716981132074,1193.0,XC,1182.0113019745945,-4.783338684404759,6.55616841320749,164.19073643464324,Redmond @ Inglemoor
2013-10-16,5000.0,1104.7169811320753,1171.0,XC,1174.0288900675225,-5.903765190263832,6.51210349824759,164.34704862704228,Woodinville & Eastlake @ Redmond
2013-10-24,5000.0,1072.0754716981132,1136.4,XC,1166.362463529244,-8.083849984835068,6.46966813234762,164.41339775264908,KingCo 4A Championships
2013-12-07,3218.0,778.0,778.0,Road,710.511955948315,9.498509277244915,6.243615047455671,165.6600106865585,New Balance Winter Grand Prix
2014-01-01,4828.0,1115.0,1115.0,Road,1064.4469256139023,4.749233913841411,6.124541813504404,166.26005487752232,Club Northwest Resolution Run
2014-01-18,3218.0,745.0,745.0,Road,691.2158176416451,7.7810983177238,6.075694022092354,166.48570719721414,New Balance Winter Grand Prix
2014-03-20,3200.0,652.2,652.2,Track,670.5067645720078,-2.7302878269532704,5.932811071027742,168.62070496697163,Issaquah & Monroe @ Redmond
2014-03-29,1600.0,307.4,307.4,Track,316.1238855546011,-2.7596413789790386,5.924351559452173,168.75453409388714,Kent-Meridian Invitational
2014-04-03,800.0,142.2,142.2,Track,139.219811412617,2.140635414704284,5.916719654375997,168.87165730896805,Redmond & Roosevelt @ Newport
2014-04-17,3200.0,649.5,649.5,Track,667.1688716658091,-2.6483357387002915,5.904725092642276,169.36435437653512,Redmond @ Eastlake
2014-04-24,1600.0,298.22,298.22,Track,314.61215316781454,-5.210273348553995,5.898746022561862,169.41577330982767,Redmond @ Inglemoor
2014-05-01,3200.0,639.3,639.3,Track,665.9902102122612,-4.007597980119659,5.894412750768432,169.42569689091317,Redmond @ Woodinville
2014-05-08,3200.0,662.2,662.2,Track,665.6056513863521,-0.5116620298007635,5.89110197215451,169.47343499878482,Roosevelt @ Redmond
2014-07-04,5000.0,1106.9,1106.9,Road,1058.1809519813605,4.604037516212789,5.875794968922361,169.5127354604803,Run for the Pies
2014-07-12,5000.0,1114.0,1114.0,Road,1058.0901078702861,5.284038827491622,5.875345901801586,169.5582551765146,Redmond Derby Days Dash
2014-08-30,5000.0,1056.6037735849056,1120.0,XC,1056.317908963644,0.027062366247498915,5.864922309442988,169.078124740355,Redmond time trial
2014-09-10,5000.0,1024.5283018867924,1086.0,XC,1055.9851689180948,-2.9789118216055455,5.862960911102325,168.9842343732505,KingCo 4A Preview
2014-09-17,5000.0,1054.7169811320753,1118.0,XC,1055.6347363506115,-0.08693870966287598,5.8610470882498324,169.01046417873363,Redmond & Eastlake @ Inglemoor
2014-09-20,5000.0,1031.132075471698,1093.0,XC,1055.6347363506115,-2.321130598981669,5.8610470882498324,169.01046417873363,South Whidbey Invitational
2014-10-04,5000.0,1034.9056603773583,1097.0,XC,1055.0824066209118,-1.9123384218085016,5.85783562348866,168.89100986847987,Twilight XC Invitational
2015-03-19,3200.0,677.1,677.1,Track,668.6550100061794,1.2629816373831648,5.912629624800463,166.67417401525324,Redmond @ Issaquah
2015-03-26,1600.0,314.9,314.9,Track,316.30516335638697,-0.4442429397852665,5.918854017012051,166.60367205791124,Mt. Si @ Redmond
2015-04-02,800.0,143.6,143.6,Track,139.89971650590036,2.644954247597475,5.924902941613899,166.66537950312426,Redmond @ Inglemoor
2015-04-16,3200.0,667.2,667.2,Track,671.6112539618342,-0.6568165640185697,5.938339488523512,166.45405115683346,Eastlake @ Redmond
2015-04-23,1600.0,310.21,310.21,Track,317.70129892195706,-2.3579692457591506,5.944158959995417,166.40588221905978,Redmond @ Bothell
2015-04-30,3200.0,660.7,660.7,Track,672.9753732722553,-1.824044944255221,5.950080965031049,166.29091971296447,Inglemoor & Skyline @ Redmond
2015-05-07,1600.0,315.62,315.62,Track,318.3644782234574,-0.8620554148415671,5.955729778208177,166.20436139566203,Redmond & Newport @ Woodinville
2015-07-04,5000.0,1186.2,1186.2,Road,1077.5278978842737,10.085316800530553,5.978932431336004,166.04600902757403,Run for the Pies
2015-07-11,5000.0,1129.0,1129.0,Road,1077.398725516314,4.789431550418577,5.978290702796255,166.10666627971412,Redmond Derby Days Dash
2015-08-29,5000.0,1113.2075471698113,1180.0,XC,1071.1045501376318,3.9308018089148744,5.943818742365834,166.4753030176858,Redmond time trial
2015-09-09,5000.0,1037.7358490566037,1100.0,XC,1067.807247305121,-2.8161822580255125,5.925633542189781,166.566932262111,KingCo 4A Preview
2015-09-12,3218.0,662.2641509433962,702.0,XC,674.1258850041269,-1.759572555303679,5.925633542189781,166.566932262111,Sehome Invitational
2015-09-16,5000.0,1042.4528301886792,1105.0,XC,1065.8970757455866,-2.199484930616624,5.9151629598485895,166.67285101977333,Inglemoor & Eastlake @ Redmond
2015-09-19,5000.0,1027.7358490566037,1089.4,XC,1065.8970757455866,-3.5801980845373227,5.9151629598485895,166.67285101977333,Fort Steilacoom Invitational
2015-09-23,5000.0,1065.0943396226414,1129.0,XC,1063.8408950632768,0.11782255835259825,5.9038163727804385,166.72534814855425,Woodinville & Redmond @ Mount Si
2015-10-03,5000.0,1024.5283018867924,1086.0,XC,1061.5552874670332,-3.48799407976107,5.891367481230639,166.91826926946763,Twilight XC Invitational
2015-10-07,5000.0,1050.0,1113.0,XC,1059.181231337279,-0.8668234543475872,5.878246781269657,166.96326021128058,Newport & Redmond @ Bothell
2015-10-14,5000.0,1033.9622641509434,1096.0,XC,1056.754453519282,-2.1568103443930897,5.865071736268496,167.20477964534138,Redmond & Skyline @ Issaquah
2015-10-24,5000.0,1028.9622641509434,1090.7,XC,1054.2046143806353,-2.3944450522560334,5.851157157654657,167.40072315930462,KingCo 4A Championships
2016-01-09,3200.0,662.0,662.0,Road,642.1545397393934,3.0904492661004257,5.683787603484822,169.60422726818405,New Balance Winter Grand Prix
2016-01-23,3000.0,666.9811320754716,707.0,XC,596.600149801972,11.797010493017979,5.654728410770509,170.112037994773,New Balance Winter Grand Prix
2016-02-06,3218.0,635.0,635.0,Road,639.4864837058761,-0.7015760020253392,5.628677394232411,170.64783195278412,New Balance Winter Grand Prix
2016-02-15,5000.0,1044.0,1044.0,Track,1011.1838955765916,3.2453151762960264,5.616441141902545,170.89590446131132,Time trial
2016-02-20,3200.0,649.0,649.0,Track,632.8781397568572,2.547387756091024,5.604502320520866,171.12970162233927,New Balance Winter Grand Prix
2016-03-01,1600.0,297.0,297.0,Track,297.96475829361896,-0.32378268461811244,5.593917821083308,171.2822053386863,Redmond time trial
2016-03-17,3200.0,613.1,613.1,Track,628.4809615566996,-2.4473233872673195,5.566929577128726,171.87336220031645,Issaquah @ Redmond
2016-03-24,1600.0,292.94,292.94,Track,295.9517140779446,-1.0176369774805183,5.559151288807467,172.0598625069749,Redmond @ Mount Si
2016-03-31,800.0,131.9,131.9,Track,129.95353696319899,1.4978145899578132,5.5523968523129135,172.22323213627726,Inglemoor @ Redmond
2016-04-13,1600.0,288.47,288.47,Track,294.9476580888053,-2.1962059745715856,5.541290037635004,172.3172743909219,Redmond @ Eastlake
2016-04-16,3200.0,611.77,611.77,Track,625.4946658217451,-2.1942098904575547,5.541290037635004,172.3172743909219,Tacoma Invitational
2016-04-21,1600.0,282.75,282.75,Track,294.6931440578002,-4.052739026550867,5.536594746431389,172.33954277207914,Bothell @ Redmond
2016-04-28,3200.0,608.93,608.93,Track,624.499289607106,-2.4930836377574095,5.532605628932584,172.39043065692735,Skyline & Redmond @ Inglemoor
2016-04-30,1600.0,291.2,291.2,Track,294.47032104753885,-1.1105774720878925,5.532605628932584,172.39043065692735,Shoreline Invitational
2016-05-05,3200.0,605.78,605.78,Track,624.2416643934889,-2.957454692074457,5.530546902342279,172.51286090048376,Newport & Redmond @ Woodinville
2016-05-12,1600.0,280.54,280.54,Track,294.1922869666691,-4.640599897241982,5.528003308704881,172.55092711160097,JV KingCo 4A
2016-05-14,5000.0,1087.0,1087.0,Road,994.9204563175324,9.254965369118917,5.528003308704881,172.55092711160097,Redmond Color Run
2016-07-04,5000.0,1015.3,1015.3,Road,993.6124007509126,2.182702151532845,5.520315770331353,172.18391724327557,Run for the Pies
2016-07-08,5000.0,1023.0,1023.0,Road,993.567538750223,2.9623010114439907,5.5200693655865205,172.18640086013346,Redmond Derby Days Dash
2016-08-27,5000.0,1019.8113207547169,1081.0,XC,992.1240014031836,2.79071157560693,5.511039918024062,171.30211156627595,Redmond time trial
2016-09-07,3218.0,601.8301886792452,637.94,XC,625.293818869583,-3.7524167810831233,5.5045355961109355,171.07975860903267,KingCo 3A Preview
2016-09-14,5000.0,999.0566037735848,1059.0,XC,990.4500223196359,0.8689566621233658,5.501225460160524,170.84931874597106,Redmond & Liberty @ Mercer Island
2016-09-17,5000.0,983.4905660377358,1042.5,XC,990.4500223196359,-0.7026559770881735,5.501225460160524,170.84931874597106,South Whidbey Invitational
2016-09-21,5000.0,988.6792452830188,1048.0,XC,989.7383799838551,-0.10701158227830465,5.4970199268157565,170.62716222372293,Interlake @ Redmond
2016-10-01,5000.0,975.2830188679244,1033.8,XC,989.0351513174572,-1.3904594221159972,5.493008661694318,170.53438715774405,Twilight XC Invitational
2016-10-05,5000.0,991.5094339622641,1051.0,XC,988.0510120039851,0.3500246360018,5.487332767520834,170.34949634570904,Redmond & Lake Washington @ Bellevue
2016-10-08,5000.0,956.9811320754716,1014.4,XC,988.0510120039851,-3.1445623303898995,5.487332767520834,170.34949634570904,Hole in the Wall Invitational
2016-10-12,5000.0,981.132075471698,1040.0,XC,987.0498083491706,-0.599537412136264,5.481686748788682,170.27404287282013,Sammamish & Juanita @ Redmond
2016-10-20,5000.0,954.9905660377357,1012.29,XC,985.9526621634234,-3.1403227876832585,5.475291802706804,170.00780259083825,KingCo 3A Championship
2016-10-27,5000.0,986.0377358490565,1045.2,XC,984.6904384462034,0.13682446282092808,5.468016838506875,169.7733207069674,SeaKing District Championships
2016-11-05,5000.0,960.3773584905659,1018.0,XC,983.3217390813788,-2.333354351775807,5.460248289154076,169.62459990578384,Washington State XC Championship
2016-11-24,5000.0,1015.0943396226414,1076.0,XC,978.7722895167277,3.7109806330794193,5.4344695249947925,169.165686257365,Hartman Thanksgiving 5K
2016-12-17,3000.0,600.9433962264151,637.0,XC,570.4877205056997,5.338533087744368,5.404539674987434,168.70431994235332,New Balance Winter Grand Prix
2017-01-07,3218.0,609.0,609.0,Road,610.9861009727784,-0.32506483692775756,5.3739957099387885,168.47884678737196,New Balance Winter Grand Prix
2017-01-21,21098.0,4646.0,4646.0,Road,4413.1124058701835,5.27717340306213,5.353605796563147,168.36878159357775,Rain Run Half Marathon
2017-02-04,3218.0,592.0,592.0,Track,606.4356428684898,-2.3804080512497716,5.333472972820302,168.19371614544676,New Balance Winter Grand Prix
2017-02-11,5000.0,989.0,989.0,Road,959.070476196982,3.120680340583326,5.324086756005717,168.26582291734735,Time trial
2017-02-18,3218.0,615.0,615.0,Road,604.3005136344192,1.7705572184990137,5.314976899979371,168.35549505948796,New Balance Winter Grand Prix
2017-02-28,1600.0,284.0,284.0,Track,283.2196920653668,0.2755133052164682,5.306261550233965,168.3646016055987,Redmond time trial
2017-03-09,800.0,129.2,129.2,Track,124.58805072948284,3.701758911479436,5.29142376180613,168.45909866311004,Redmond time trial
2017-03-15,1600.0,277.72,277.72,Track,282.0684981654687,-1.5416461582029473,5.285088840963043,168.47173002018167,Bellevue @ Redmond
2017-03-23,1600.0,278.35,278.35,Track,281.7472185181336,-1.205768254253381,5.279484925229174,168.58449242513143,Interlake @ Redmond
2017-03-25,3200.0,582.64,582.64,Track,596.6771233874473,-2.352549282894567,5.279484925229174,168.58449242513143,Kent-Meridian Invitational
2017-03-30,800.0,126.95,126.95,Track,124.13196517144435,2.2701927135879485,5.273915501201821,168.6821068984101,Redmond @ Juanita
2017-04-13,1600.0,280.41,280.41,Track,280.9744856544967,-0.20090281620472883,5.266263161936661,168.92642614394754,Lake Washington & Redmond @ Juanita
2017-04-15,3200.0,578.77,578.77,Track,595.1156907330376,-2.746640861191829,5.266263161936661,168.92642614394754,Pasco Invitational
2017-04-20,1600.0,278.3,278.3,Track,280.82032103754847,-0.8974852775029296,5.263849962728968,169.05591300468254,Sammamish @ Redmond
2017-04-22,1600.0,274.49,274.49,Track,280.82032103754847,-2.2542246993236703,5.263849962728968,169.05591300468254,Viking Classic
2017-04-28,3200.0,588.24,588.24,Track,594.531783630564,-1.0582754032328778,5.261588652805923,169.2101824135799,Brooks/Liberty Distance Twilight
2017-05-05,1600.0,274.62,274.62,Track,280.5695942577692,-2.1205413485764657,5.260439501992291,169.40662806417004,quad meet @ Redmond
2017-05-10,1600.0,271.12,271.12,Track,280.56595554861985,-3.366750442030353,5.260507621793315,169.44370635815903,Kingco 3A Championships
2017-05-12,3200.0,578.02,578.02,Track,594.3638332504402,-2.749802786798028,5.260507621793315,169.44370635815903,KingCo 3A Championships
2017-05-20,3200.0,589.77,589.77,Track,594.428724294327,-0.7837313548159419,5.26130592723923,169.57271920538744,3A District II
2017-06-24,5000.0,973.2,973.2,Road,950.9608031899614,2.33860288830392,5.281447708694613,170.44332267243752,Run of the Mill 5K
2017-07-04,5000.0,976.3,976.3,Road,952.158135541409,2.5354889652718926,5.288175058492102,170.5141958692522,Run for the Pies
2017-07-07,5000.0,974.0,974.0,Road,953.4496575034306,2.1553673374197446,5.295525157639303,170.67574374047746,Redmond Derby Days Dash
2017-07-12,5000.0,949.69,949.69,Track,954.9291599959472,-0.5486438382475756,5.30389839407608,170.817764970199,Club Northwest All Comers
2017-08-02,1500.0,257.59,257.59,Track,264.1684308317183,-2.4902410976991196,5.331894053046396,171.08550007810447,Club Northwest All Comers
2017-08-09,3218.0,595.9,595.9,Track,606.847071576476,-1.803925913004334,5.342173835959193,171.09523941571624,Club Northwest All Comers
2017-11-11,21098.0,4559.0,4559.0,Road,4519.64997049852,0.8706432966785638,5.4835590261841585,171.08283846461336,Nashville Half Marathon
2017-11-23,5000.0,1035.0,1035.0,Road,990.4949700360748,4.49321110255656,5.501585211459952,170.9459613649381,English Hill Turkey Trot
2018-01-06,3218.0,637.0,637.0,Road,629.688603814505,1.1611129915968466,5.542264393597958,170.55252952853286,New Balance Winter Grand Prix
2018-03-10,21098.0,4552.0,4552.0,Road,4591.830693056632,-0.8674251234232266,5.570783837101023,169.7682451916386,Lake Sammamish Half Marathon
2018-05-30,5000.0,986.08,986.08,Track,1004.9624786605184,-1.8789237470523523,5.580499412734442,169.6965461348011,Club Northwest All Comers
2018-06-06,3000.0,571.06,571.06,Track,588.9000342414655,-3.0293824425472238,5.581011032805378,169.74000130253552,Club Northwest All Comers
2018-06-13,5000.0,1005.2,1005.2,Track,1005.4893986761081,-0.028781872438343736,5.583501901664627,169.76275426547284,Club Northwest All Comers
2018-07-04,5000.0,1048.0,1048.0,Road,1006.329038142184,4.140888345500393,5.588258051467577,169.84367148609164,Run for the Pies
2018-07-11,5000.0,1014.5,1014.5,Track,1006.6219868786545,0.7826188205737106,5.5899229847548595,169.87664150473393,Club Northwest All Comers
2018-07-13,5000.0,1070.0,1070.0,Road,1006.6219868786545,6.296108563838221,5.5899229847548595,169.87664150473393,Redmond Derby Days Dash
2018-07-18,3000.0,577.6,577.6,Track,590.0328556919814,-2.1071463346562735,5.591855374639651,169.79495923882638,Club Northwest All Comers
2018-07-25,5000.0,1007.5,1007.5,Track,1007.2730314515306,0.022532971834099413,5.593557076816283,169.89282709112348,Club Northwest All Comers
2018-08-01,3000.0,571.5,571.5,Track,590.4706013309554,-3.212793539287917,5.596112092479168,169.849639283583,Club Northwest All Comers
2018-08-08,3218.0,627.8,627.8,Track,636.2123726148586,-1.3222585691446853,5.598386944908325,169.84650308157177,Club Northwest All Comers
2018-08-15,3000.0,579.3,579.3,Track,590.9128340588936,-1.9652363918256421,5.60034396682286,169.87019116024265,Club Northwest All Comers
2018-11-10,42195.0,9778.0,9778.0,Road,9763.207981089141,0.15150777223542633,5.619925571197525,169.75417542301454,Nashville Marathon
2018-11-22,5000.0,1073.0,1073.0,Road,1011.7857800178913,6.0501166542414,5.61843107975401,169.7328808133956,English Hill Turkey Trot
2019-01-05,3218.0,644.0,644.0,Road,636.5900314714168,1.1640095135413642,5.601022560738047,169.4722936790002,New Balance Winter Grand Prix
2019-05-29,5000.0,963.0,963.0,Track,981.1868865361805,-1.8535598860666025,5.447042057934186,168.42593365082564,Club Northwest All Comers
2019-06-05,3000.0,557.14,557.14,Track,574.4294628181957,-3.0098495876886733,5.441310579507559,168.40702283728783,Club Northwest All Comers
2019-06-12,5000.0,978.83,978.83,Track,979.1211786929845,-0.029738779971355545,5.435527874599782,168.38465200430812,Club Northwest All Comers
2019-06-19,3000.0,561.21,561.21,Track,573.215633383758,-2.094435790748994,5.429571389518087,168.2812690234922,Club Northwest All Comers
2019-06-26,5000.0,958.24,958.24,Track,977.3123670840986,-1.951511893889435,5.425307175388443,168.22506312748038,Club Northwest All Comers
2019-07-04,5000.0,998.0,998.0,Road,976.6389223984265,2.1872031834564876,5.421581931880913,168.23684281177526,Run for the Pies
2019-07-10,5000.0,972.1,972.1,Track,976.0297747422375,-0.4026285717846356,5.418162623533571,168.20316239000337,Club Northwest All Comers
2019-07-12,5000.0,1002.0,1002.0,Road,976.0297747422375,2.6608025625674214,5.418162623533571,168.20316239000337,Redmond Derby Days Dash
2019-07-31,3000.0,568.27,568.27,Track,571.3520330736019,-0.5394280400162432,5.411557530167116,168.09205363097698,Club Northwest All Comers
2019-08-07,3218.0,618.2,618.2,Track,615.1799945725343,0.4909141152361851,5.410026524626077,167.99575116448995,Club Northwest All Comers
2019-08-14,1500.0,271.42,271.42,Track,268.67159246775685,1.0229617158252324,5.4098797486476,167.91550706673786,Club Northwest All Comers
2019-11-28,5000.0,997.0,997.0,Road,978.297785603089,1.911709775094872,5.429878086359212,167.42473638949087,English Hill Turkey Trot
2019-12-21,3100.0,626.4150943396226,664.0,XC,593.9497019299988,5.466017123020639,5.432379674179627,167.370574120806,New Balance Winter Grand Prix
2019-12-26,42195.0,9203.0,9203.0,Road,9436.379846433741,-2.4731925826612655,5.43148298291587,167.33357075782544,Time trial
2020-01-04,3218.0,612.0,612.0,Road,617.5483936488585,-0.8984548751030053,5.429605005450237,167.2937299895538,New Balance Winter Grand Prix
2020-02-03,5000.0,944.0,944.0,Track,976.307920844176,-3.3091937650409076,5.418714531241245,167.3184802277664,Time trial
2020-07-03,5000.0,926.0,926.0,Road,944.0722450011248,-1.9142862314634912,5.24049847553029,167.96283739863435,Time trial
2020-11-21,42195.0,9057.0,9057.0,Road,9143.63430060455,-0.9474821253385168,5.263177464256403,168.89708072949844,Time trial
2021-05-10,5000.0,1001.0,1001.0,Track,987.2088744614138,1.396981519854168,5.48187332236954,169.6601221517941,Time trial
2021-06-22,5000.0,1005.0,1005.0,Track,983.9719508882679,2.1370577781967492,5.463916977595505,169.67601013587034,Time trial
2021-06-30,5000.0,999.0,999.0,Track,981.4925562179718,1.7837571636294847,5.450232983945611,169.75035426051724,Club Northwest All Comers
2021-07-04,5000.0,1017.0,1017.0,Road,981.4925562179718,3.617698734145325,5.450232983945611,169.75035426051724,Run for the Pies
2021-07-07,3000.0,561.94,561.94,Track,574.3701340248303,-2.1641330717750984,5.443405978024502,169.7893662418531,Club Northwest All Comers
2021-07-14,10000.0,1990.0,1990.0,Track,1991.855752951433,-0.09316703524756553,5.4349562907080955,169.86542480475825,Club Northwest All Comers
2021-07-21,1500.0,260.0,260.0,Track,269.0165303762098,-3.3516640645095297,5.424901324222072,169.89857453350558,Club Northwest All Comers
2022-01-11,5000.0,937.2,937.2,Track,934.7225207131481,0.26504970533518524,5.189176060451455,168.5005389092277,Time trial
2022-06-08,5000.0,913.6,913.6,Track,932.9085715146982,-2.0697174518772177,5.175609604773924,165.23679732044562,Club Northwest All Comers
2022-06-15,1500.0,253.68,253.68,Track,257.58774859714686,-1.5170553019034916,5.175263341502389,164.9719691430463,Club Northwest All Comers
2022-06-26,21098.0,4247.67,4247.67,Road,4266.314117036728,-0.4370076024706182,5.174679118504724,164.95630510899775,Craft Classic
2022-06-29,1609.0,279.26,279.26,Track,278.5887937296236,0.24093082187210957,5.174299838130541,164.858706550485,Club Northwest All Comers
2022-07-04,5000.0,947.0,947.0,Road,932.745422185715,1.5282388393697,5.174299838130541,164.858706550485,Run for the Pies
2022-07-13,5000.0,923.57,923.57,Track,932.4341173036187,-0.9506427466694944,5.172449295611286,164.74315385070253,Club Northwest All Comers
2022-07-20,800.0,126.12,126.12,Track,122.46825975448297,2.9817850378847766,5.170933324153078,164.7389272851124,Club Northwest All Comers
2022-07-27,1609.0,277.18,277.18,Track,278.3027537659585,-0.40342890997863146,5.16866321955563,164.76820049540407,Club Northwest All Comers
2022-08-03,10000.0,1907.66,1907.66,Track,1894.4368359268908,0.697999733870236,5.1664978295472705,164.83810418670038,Club Northwest All Comers
2022-08-06,5000.0,932.2,932.2,Road,931.3429611156748,0.09202183514638307,5.1664978295472705,164.83810418670038,The Enforcer 5K
2022-10-08,21098.0,4102.0,4102.0,Road,4235.805398394189,-3.158912787752599,5.137729871017074,165.1814327871377,The Middle Half
2022-11-12,42195.0,8931.0,8931.0,Road,8890.108354134036,0.4599679130676604,5.116852501274585,165.67244972447742,Nashville Marathon
2022-12-20,3200.0,572.5,572.5,Track,576.7350297493724,-0.7343111708010497,5.098960153486787,166.16227695538637,Time trial
2023-01-01,5000.0,950.0,950.0,Road,917.848221943388,3.502951499817253,5.093185070750085,166.30717198174608,Club Northwest Resolution Run
2023-03-04,21098.0,4171.0,4171.0,Road,4189.61365394459,-0.44428091662018776,5.082091167672494,166.78200473704345,Tom King Classic
2023-04-17,42195.0,8805.0,8805.0,Road,8840.009423391015,-0.39603377908601356,5.088191295240948,167.11040047806202,Boston Marathon
2023-06-07,1500.0,248.09,248.09,Track,253.41457458333468,-2.101131946372603,5.100917742349144,167.4580088065283,Club Northwest All Comers
2023-06-14,1609.0,270.88,270.88,Track,274.20262108404086,-1.211739359348618,5.102137813325542,167.49201788401268,Club Northwest All Comers
2023-06-21,3000.0,521.28,521.28,Track,538.8619971971145,-3.262801475807753,5.1028162429626365,167.530370400266,Club Northwest All Comers
2023-07-04,5000.0,931.0,931.0,Road,919.5190352231542,1.2485836983308962,5.103772328872563,167.55337403190737,Run for the Pies
2023-07-05,800.0,124.06,124.06,Track,120.36094974308143,3.0732976640799547,5.105026740590379,167.60967132260748,Club Northwest All Comers
2023-07-12,5000.0,893.85,893.85,Track,920.0075722215453,-2.8431909705245673,5.106563980217746,167.62911406762652,Club Northwest All Comers
2023-07-19,10000.0,1921.3,1921.3,Track,1872.3360269649336,2.6151274306480676,5.107713534147864,167.70507705407456,Club Northwest All Comers
2023-07-26,1609.0,270.0,270.0,Track,274.4935596644356,-1.6370364645090119,5.10845317294374,167.74649223794634,Club Northwest All Comers
2023-07-30,21098.0,4331.65,4331.65,Road,4211.152113702174,2.8613995183349505,5.10845317294374,167.74649223794634,Craft Classic
2023-10-08,21098.0,4191.0,4191.0,Road,4206.574215362862,-0.37023512638818534,5.103005021111403,168.17794654855072,Boulderthon
2023-11-02,42195.0,9251.0,9251.0,Road,8854.684206219688,4.475775584429442,5.096797147686284,168.42351341146394,Time trial
2023-11-23,5000.0,906.0,906.0,Road,916.9346217828943,-1.1925192399904083,5.090731583599559,168.79120507090562,Woodinville Turkey Trot
2023-11-26,42195.0,8823.0,8823.0,Road,8844.069102011992,-0.23822860008182456,5.090731583599559,168.79120507090562,Seattle Marathon
2024-03-23,21098.0,4060.0,4060.0,Road,4195.646670143638,-3.2330336848644725,5.090381846566631,170.78084598014652,Honeywagon Runs
2024-03-30,42195.0,8756.0,8756.0,Road,8848.319145093456,-1.0433523427401226,5.09342388476721,170.82043523561515,Time trial
2024-05-12,1609.0,270.32,270.32,Track,274.2287897333373,-1.4253754090291726,5.116106213653809,171.290542343852,Frank Shorter Classic
2024-05-27,10000.0,1920.0,1920.0,Road,1878.3299011457057,2.218465394650715,5.125932099778254,171.28690747385008,Bolder Boulder
2024-07-04,5000.0,958.0,958.0,Road,928.5844713696034,3.167781665249092,5.158007374746992,171.2236305040633,Run for the Pies
2024-07-10,10000.0,1892.45,1892.45,Track,1891.7971094273948,0.03451165927634836,5.162637326412101,171.198250106385,Club Northwest All Comers
2024-07-17,1609.0,269.47,269.47,Track,277.02616449276667,-2.7275995776795847,5.16787841384358,171.17464896501124,Club Northwest All Comers
2024-07-28,21098.0,4347.51,4347.51,Road,4263.372585547506,1.9734942880130557,5.17265790700581,171.2152582065687,Craft Classic
2024-08-07,3000.0,543.95,543.95,Track,546.5777749862751,-0.4807687225008461,5.182654037166764,171.23164952634244,Club Northwest All Comers
2024-12-01,42195.0,9029.0,9029.0,Road,9072.086054289619,-0.4749299558203135,5.222230556567472,170.80481092417466,Seattle Marathon
2025-01-01,5000.0,954.0,954.0,Road,939.5426381459532,1.5387659130166043,5.218405388826235,170.78751463684597,Club Northwest Resolution Run
2025-03-16,5000.0,934.2,934.2,Road,936.7424369598634,-0.2714125953463431,5.202698154730641,170.64423230736577,Lucky Leprechaun 5K
2025-05-11,3218.0,589.57,589.57,Track,590.200393294614,-0.1068100431270369,5.194458654793619,170.40792522307265,Frank Shorter Classic
2025-05-26,10000.0,1946.0,1946.0,Road,1903.8467741758468,2.214108109745383,5.195144140297105,170.48645107778702,Bolder Boulder
2025-06-18,3000.0,528.89,528.89,Track,548.2382536796576,-3.5291688512788633,5.196948773457294,170.44243141256945,Club Northwest All Comers
2025-09-06,10000.0,1917.0,1917.0,Road,1912.9495998804316,0.21173585126452732,5.219888067875996,170.30658883243018,Run Mag Mile
2025-10-12,42195.0,9181.0,9181.0,Road,9086.914503558753,1.0353954183722092,5.230690783703287,170.19758573410556,Chicago Marathon
2025-10-25,5000.0,948.0,948.0,Road,942.5404592307818,0.5792367548522748,5.234234582382649,170.0297692497367,Will Run For Beer
2026-04-20,42195.0,9062.0,9062.0,Road,9130.595978885178,-0.75127602890116,5.255749638883889,169.51420803030018,Boston Marathon
