date,type,rep_dist,rep_count,pace_per_mile,rest_per_mile
2016-01-04,tempo,800,7,348.02064,60.35040000000001
2016-01-11,tempo,800,7,354.05568000000005,60.35040000000001
2016-01-19,tempo,1000,6,358.883712,64.37376
2016-01-25,tempo,1000,6,357.27436800000004,64.37376
2016-02-01,tempo,1200,5,358.07904,67.05600000000001
2016-02-08,tempo,1200,5,352.71456,60.35040000000001
2016-02-22,tempo,1600,4,354.05568000000005,60.35040000000001
2016-03-03,interval,1600,3,316.0,180.0
2016-03-08,rep,400,8,288.0,420.0
2016-03-10,interval,1600,3,308.0,180.0
2016-03-15,rep,400,8,281.0,420.0
2016-03-19,tempo,1000,2,333.0,60.0
2016-03-22,interval,800,5,307.0,140.0
2016-03-26,rep,400,8,282.0,420.0
2016-03-29,interval,800,5,301.0,140.0
2016-04-11,interval,1600,3,301.0,180.0
2016-04-19,interval,800,5,301.0,140.0
2016-04-23,rep,400,8,280.0,420.0
2016-04-26,rep,400,4,268.0,420.0
2016-05-03,rep,400,7,288.0,420.0
2016-05-09,interval,800,4,304.0,140.0
2016-06-03,rep,400,8,272.0,420.0
2016-07-25,tempo,1200,4,373.0,60.0
2016-08-29,interval,1000,6,339.0,180.0
2016-09-02,tempo,1600,4,360.0,60.0
2016-09-05,interval,1000,6,325.0,180.0
2016-09-12,interval,1000,6,323.0,180.0
2016-09-19,tempo,1600,4,355.0,60.0
2016-09-26,interval,800,7,320.0,140.0
2016-10-03,rep,400,4,294.0,420.0
2016-10-10,tempo,1600,4,345.0,60.0
2016-10-14,rep,400,8,295.0,420.0
2016-10-17,interval,500,10,313.0,180.0
2016-10-22,tempo,1600,3,346.0,60.0
2016-10-24,interval,400,12,314.0,180.0
2016-11-02,rep,300,10,286.0,420.0
2016-11-14,interval,1200,4,316.0,180.0
2016-11-21,interval,1000,6,320.0,180.0
2016-11-28,interval,1200,4,306.0,180.0
2016-12-05,interval,1000,5,336.0,180.0
2016-12-12,interval,1600,3,306.0,180.0
2016-12-21,interval,1600,3,326.0,180.0
2016-12-26,interval,1600,3,325.0,180.0
2017-01-03,tempo,1000,6,327.0,60.0
2017-01-09,tempo,1000,6,326.0,60.0
2017-01-17,tempo,1000,6,321.0,64.0
2017-01-23,tempo,1000,6,328.0,64.0
2017-01-30,tempo,1000,6,321.0,68.0
2017-02-06,tempo,1000,6,357.0,68.0
2017-02-13,tempo,1000,6,319.0,60.0
2017-02-20,tempo,1000,6,321.0,60.0
2017-03-02,interval,1600,3,299.0,160.0
2017-03-04,tempo,1000,6,327.0,60.0
2017-03-07,rep,400,10,273.0,360.0
2017-03-11,rep,400,6,266.0,480.0
2017-03-13,interval,800,5,295.0,184.0
2017-03-17,interval,800,7,297.0,208.0
2017-03-21,interval,1600,3,301.0,200.0
2017-03-28,rep,400,7,251.0,480.0
2017-04-10,interval,1600,3,296.0,190.0
2017-04-17,interval,1600,3,295.0,190.0
2017-04-25,interval,800,6,277.0,270.0
2017-05-01,interval,800,5,281.0,229.0
2017-05-15,rep,400,7,271.0,274.0
2017-05-17,rep,400,4,248.0,480.0
2017-05-29,tempo,1000,5,340.0,80.0
2017-06-05,tempo,1000,5,344.0,80.0
2017-06-19,tempo,1000,5,343.0,80.0
2017-06-26,interval,1600,3,311.0,160.0
2017-08-07,interval,1600,3,299.0,240.0
2017-08-14,interval,1600,3,342.0,192.0
2017-08-24,interval,1600,3,310.0,200.0
2017-08-29,tempo,1000,6,319.0,60.0
2017-09-05,tempo,1000,6,325.0,60.0
2017-09-12,tempo,1000,6,318.0,60.0
2017-09-19,tempo,1000,6,321.0,60.0
2017-09-26,tempo,1000,6,323.0,60.0
2017-10-03,tempo,1000,6,320.0,60.0
2017-10-10,interval,800,6,304.0,140.0
2017-10-17,tempo,1000,6,320.0,60.0
2017-10-24,tempo,1000,6,319.0,60.0
2017-10-31,tempo,1000,6,317.0,60.0
2017-11-07,tempo,1000,6,315.0,60.0
2017-11-14,interval,800,6,303.0,140.0
2017-11-20,interval,1600,3,362.0,192.0
2017-11-28,interval,800,6,303.0,140.0
2017-12-05,interval,800,6,300.0,140.0
2017-12-11,interval,800,6,310.0,140.0
2017-12-19,interval,800,6,306.0,140.0
2017-12-25,interval,800,6,338.0,140.0
2018-01-23,interval,800,6,317.0,140.0
2018-01-30,interval,800,6,313.0,140.0
2018-02-06,interval,800,6,304.0,140.0
2018-02-13,interval,800,6,307.0,140.0
2018-02-20,interval,800,6,307.0,140.0
2018-02-27,interval,800,6,308.0,140.0
2018-03-07,tempo,1000,6,347.0,60.0
2018-03-13,interval,800,6,313.0,140.0
2018-03-20,interval,800,6,313.0,140.0
2018-03-27,interval,800,6,313.0,140.0
2018-04-10,interval,800,6,311.0,140.0
2018-04-17,interval,800,6,309.0,140.0
2018-04-23,interval,800,6,316.0,140.0
2018-05-01,interval,800,6,312.0,140.0
2018-05-19,rep,400,8,293.0,427.0
2018-05-26,rep,400,8,291.0,429.0
2018-06-09,rep,400,8,288.0,432.0
2018-06-20,rep,400,8,277.0,443.0
2018-07-09,rep,400,12,303.0,417.0
2018-07-21,rep,400,12,286.0,434.0
2018-07-28,rep,400,12,302.0,418.0
2018-08-04,rep,400,12,299.0,421.0
2018-08-10,rep,400,8,306.0,212.0
2018-08-27,interval,800,6,309.0,140.0
2018-09-03,interval,800,6,309.0,140.0
2018-09-10,interval,800,6,309.0,140.0
2018-09-24,interval,800,6,317.0,140.0
2018-10-01,interval,800,6,315.0,140.0
2018-10-08,interval,800,6,314.0,140.0
2018-10-15,interval,800,6,323.0,140.0
2018-10-22,interval,800,6,314.0,140.0
2018-10-29,interval,800,6,315.0,140.0
2018-11-26,interval,800,6,322.0,140.0
2018-12-03,interval,800,6,309.0,140.0
2018-12-10,tempo,1000,5,343.0,60.0
2018-12-24,interval,800,6,312.0,140.0
2018-12-31,rep,400,12,273.0,447.0
2019-01-14,interval,800,6,319.0,140.0
2019-01-21,interval,800,6,307.0,140.0
2019-01-28,interval,800,6,318.0,140.0
2019-02-04,interval,800,6,321.0,140.0
2019-02-11,interval,800,6,315.0,140.0
2019-02-18,interval,800,6,325.0,140.0
2019-02-25,interval,800,6,314.0,140.0
2019-03-04,rep,400,12,268.0,452.0
2019-03-18,interval,800,6,319.0,140.0
2019-03-25,interval,800,6,318.0,140.0
2019-04-08,interval,800,6,305.0,140.0
2019-04-15,interval,800,6,317.0,140.0
2019-04-22,interval,800,6,323.0,140.0
2019-05-05,interval,800,6,317.0,140.0
2019-05-13,rep,400,12,267.0,453.0
2019-05-19,interval,800,6,308.0,140.0
2019-06-02,continuous_fartlek,9600,1,353.0,0.0
2019-06-09,continuous_fartlek,8000,1,357.0,0.0
2019-06-16,interval,1600,4,332.0,343.0
2019-06-23,continuous_fartlek,9600,1,354.0,0.0
2019-07-01,interval,1600,4,313.0,313.0
2019-08-04,continuous_fartlek,9600,1,357.0,0.0
2019-08-26,interval,800,6,305.0,140.0
2019-09-02,continuous_fartlek,8000,1,336.0,0.0
2019-09-09,continuous_fartlek,8000,1,335.0,0.0
2019-09-16,continuous_fartlek,8000,1,333.0,0.0
2019-09-23,continuous_fartlek,8000,1,336.0,0.0
2019-09-30,continuous_fartlek,8000,1,339.0,0.0
2019-10-07,continuous_fartlek,8000,1,336.0,0.0
2019-10-14,continuous_fartlek,8000,1,333.0,0.0
2019-10-21,continuous_fartlek,8000,1,338.0,0.0
2019-10-28,continuous_fartlek,8000,1,332.0,0.0
2019-11-18,continuous_fartlek,8200,1,334.0,0.0
2019-12-02,continuous_fartlek,8000,1,334.0,0.0
2019-12-09,continuous_fartlek,8000,1,330.0,0.0
2019-12-23,continuous_fartlek,8000,1,315.0,0.0
2020-01-06,continuous_fartlek,8000,1,327.0,0.0
2020-01-13,continuous_fartlek,8000,1,328.0,0.0
2020-01-20,continuous_fartlek,8000,1,336.0,0.0
2020-01-27,continuous_fartlek,8000,1,333.0,0.0
2020-02-10,continuous_fartlek,8000,1,334.0,0.0
2020-02-17,continuous_fartlek,8000,1,329.0,0.0
2020-02-24,continuous_fartlek,8000,1,330.0,0.0
2020-03-09,continuous_fartlek,8000,1,333.0,0.0
2020-03-16,continuous_fartlek,8000,1,339.0,0.0
2020-03-23,continuous_fartlek,8000,1,327.0,0.0
2020-03-30,continuous_fartlek,8000,1,337.0,0.0
2020-04-06,continuous_fartlek,8000,1,339.0,0.0
2020-04-13,continuous_fartlek,8000,1,325.0,0.0
2020-04-20,continuous_fartlek,8000,1,337.0,0.0
2020-04-27,continuous_fartlek,8000,1,338.0,0.0
2020-05-04,continuous_fartlek,8000,1,340.0,0.0
2020-05-18,interval,1600,5,307.0,182.0
2020-05-25,interval,1600,5,299.0,182.0
2020-06-01,interval,800,8,319.0,117.0
2020-06-08,interval,1600,5,295.0,182.0
2020-06-15,interval,1600,5,304.0,182.0
2020-06-22,interval,1600,5,307.0,182.0
2020-07-06,interval,1600,5,302.0,182.0
2020-07-13,interval,1600,5,303.0,182.0
2020-07-27,interval,1600,4,307.0,182.0
2020-08-05,interval,800,8,313.0,117.0
2020-08-17,interval,1600,5,290.0,182.0
2020-08-24,rep,400,12,297.0,360.0
2020-08-31,interval,1600,6,317.0,180.0
2020-09-07,rep,400,12,286.0,360.0
2020-09-14,interval,1600,6,308.0,180.0
2020-09-21,rep,400,12,275.0,360.0
2020-09-28,interval,1600,6,301.0,180.0
2020-10-06,interval,800,6,299.0,150.0
2020-10-27,rep,400,12,268.0,480.0
2020-11-02,interval,1600,6,298.0,180.0
2021-04-19,interval,800,6,304.0,300.0
2021-06-01,interval,1600,6,325.0,180.0
2021-06-07,rep,400,12,281.0,360.0
2021-06-14,interval,1600,4,319.0,180.0
2021-07-11,interval,1600,6,314.0,180.0
2021-08-17,interval,1600,3,295.0,180.0
2021-09-07,interval,1600,6,301.0,180.0
2021-09-21,interval,1600,6,295.0,180.0
2021-09-28,interval,1600,6,301.0,180.0
2021-10-26,interval,1600,6,301.0,180.0
2021-11-30,interval,800,6,277.0,180.0
2021-12-14,rep,400,12,259.0,480.0
2022-02-01,interval,1600,6,290.0,180.0
2022-02-14,interval,1600,6,287.0,180.0
2022-02-23,interval,1600,6,286.0,180.0
2022-03-07,interval,1600,6,291.0,180.0
2022-03-15,interval,1600,6,282.0,180.0
2022-05-10,interval,800,6,268.0,360.0
2022-05-17,rep,400,12,250.0,360.0
2022-08-15,interval,1600,3,269.0,300.0
2022-08-29,interval,1600,6,288.0,180.0
2022-09-12,interval,1600,3,274.0,300.0
2022-09-19,interval,1600,6,287.0,180.0
2022-11-02,interval,1600,6,282.0,180.0
2022-12-05,interval,1600,6,281.0,180.0
2022-12-12,interval,800,6,267.0,180.0
2023-01-23,interval,1600,4,288.0,180.0
2023-02-13,interval,1600,6,285.0,180.0
2023-03-14,interval,1600,4,294.0,180.0
2023-03-20,interval,1600,4,289.0,180.0
2023-05-10,interval,1600,6,293.0,180.0
2023-05-16,interval,1600,6,284.0,180.0
2023-05-28,interval,1600,4,289.0,120.0
2023-06-12,rep,400,6,238.0,360.0
2023-08-20,interval,1600,4,297.0,180.0
2023-08-27,interval,1600,6,303.0,180.0
2023-09-10,interval,1600,6,295.0,180.0
2023-10-22,interval,800,6,271.0,300.0
2023-11-16,interval,1600,4,280.0,180.0
2023-12-28,interval,800,6,262.0,180.0
2024-01-10,interval,1600,5,291.0,180.0
2024-01-28,interval,1600,6,287.0,180.0
2024-02-04,interval,1600,4,320.0,180.0
2024-02-24,interval,1600,4,286.0,180.0
2024-03-02,interval,800,6,267.0,140.0
2024-03-09,continuous_fartlek,6800,1,305.0,0.0
2024-05-04,tempo,1600,6,296.0,60.0
2024-07-07,continuous_fartlek,6400,1,336.0,0.0
2024-11-17,interval,1600,4,292.0,180.0
2025-03-11,interval,1600,4,283.0,180.0
2025-04-07,interval,1600,5,290.0,180.0
2025-05-06,interval,1600,3,282.0,180.0
2025-08-08,interval,800,6,282.0,140.0
2025-08-19,interval,1600,5,295.0,180.0
2025-09-02,interval,800,4,295.0,140.0
2025-09-16,interval,1600,5,294.0,180.0
2025-10-21,interval,800,5,292.0,140.0
2026-01-06,interval,1600,6,296.0,180.0
2026-01-12,interval,1600,6,295.0,180.0
2026-01-19,interval,1600,6,304.0,180.0
